experience,qualifications,salary_range,work_type,job_title,role,job_description,skills,responsibilities
5 to 15 Years,M.Tech,$59K-$99K,Intern,Digital Marketing Specialist,Social Media Manager,"Social Media Managers oversee an organizations social media presence. They create and schedule content, engage with followers, and analyze social media metrics to drive brand awareness and engagement.","Social media platforms (e.g., Facebook, Twitter, Instagram) Content creation and scheduling Social media analytics and insights Community engagement Paid social advertising","Manage and grow social media accounts, create engaging content, and interact with the online community. Develop social media content calendars and strategies. Monitor social media trends and engagement metrics."
2 to 12 Years,BCA,$56K-$116K,Intern,Web Developer,Frontend Web Developer,"Frontend Web Developers design and implement user interfaces for websites, ensuring they are visually appealing and user-friendly. They collaborate with designers and backend developers to create seamless web experiences for users.","HTML, CSS, JavaScript Frontend frameworks (e.g., React, Angular) User experience (UX)","Design and code user interfaces for websites, ensuring a seamless and visually appealing user experience. Collaborate with UX designers to optimize user journeys. Ensure cross-browser compatibility and responsive design."
0 to 12 Years,PhD,$61K-$104K,Temporary,Operations Manager,Quality Control Manager,"Quality Control Managers establish and enforce quality standards within an organization. They develop quality control processes, perform inspections, and implement corrective actions to maintain product or service quality.","Quality control processes and methodologies Statistical process control (SPC) Root cause analysis and corrective action Quality management systems (e.g., ISO 9001) Compliance and regulatory knowledge",Establish and enforce quality control standards and procedures. Conduct quality audits and inspections. Collaborate with production teams to address quality issues and implement improvements.
4 to 11 Years,PhD,$65K-$91K,Full-Time,Network Engineer,Wireless Network Engineer,"Wireless Network Engineers design, implement, and maintain wireless network solutions. They optimize wireless connectivity, troubleshoot issues, and ensure reliable and secure wireless communications.",Wireless network design and architecture Wi-Fi standards and protocols RF (Radio Frequency) planning and optimization Wireless security protocols Troubleshooting wireless network issues,"Design, configure, and optimize wireless networks, ensuring reliable and secure wireless connectivity. Troubleshoot wireless network issues. Plan and implement wireless network upgrades."
1 to 12 Years,MBA,$64K-$87K,Intern,Event Manager,Conference Manager,"A Conference Manager coordinates and manages conferences, meetings, and events. They plan logistics, handle budgeting, liaise with vendors, and ensure the smooth execution of events, catering to the needs and expectations of attendees.",Event planning Conference logistics Budget management Vendor coordination Marketing and promotion Client relations,"Specialize in conference and convention planning. Coordinate speaker sessions, exhibitors, and attendee experiences. Oversee event registration and marketing."
4 to 12 Years,MCA,$59K-$93K,Full-Time,Software Tester,Quality Assurance Analyst,"A Quality Assurance Analyst tests software and products to ensure they meet quality standards. They identify defects, report issues, and work with development teams to resolve problems.","Quality assurance processes Testing methodologies (e.g., manual, automated) Bug tracking and reporting Test case development Regression testing","Test software applications and systems to identify defects and ensure quality. Create test plans, test cases, and test scripts. Collaborate with development teams to resolve issues."
3 to 15 Years,PhD,$63K-$103K,Temporary,Teacher,Classroom Teacher,"A Classroom Teacher educates students in a specific subject or grade level. They create lesson plans, deliver instruction, assess student progress, and foster a positive learning environment.",Teaching pedagogy Classroom management Curriculum development Student assessment Differentiated instruction,"Plan and deliver engaging lessons, adapting teaching methods to student needs. Assess student progress and provide feedback. Create a positive and inclusive classroom environment."
2 to 8 Years,M.Com,$65K-$102K,Contract,UX/UI Designer,User Interface Designer,"User Interface Designers focus on the visual and interactive aspects of digital interfaces. They design layouts, buttons, and other elements to ensure a cohesive and visually appealing user interface.","UI design principles and best practices Graphic design tools (e.g., Adobe Photoshop, Illustrator) Typography and color theory Visual design and layout Responsive design",Create visually appealing user interfaces (UI) that align with brand aesthetics and enhance user engagement. Design interface elements and interactive components. Ensure UI consistency across digital platforms.
1 to 10 Years,BBA,$60K-$80K,Full-Time,Wedding Planner,Wedding Consultant,"A Wedding Consultant assists couples in planning and coordinating their weddings, helping them with vendor selection, budget management, and ensuring a seamless wedding day experience.",Wedding planning Vendor coordination Event management,Offer expert advice and guidance to couples planning their weddings. Assist with wedding theme and design selection. Coordinate and negotiate with vendors.
3 to 10 Years,BCA,$57K-$104K,Contract,QA Analyst,Performance Testing Specialist,"Performance Testing Specialists assess the performance of software applications by conducting load, stress, and scalability tests. They identify bottlenecks, optimize performance, and ensure software can handle user demands effectively.",Performance testing Load testing Stress testing Test scenarios Performance monitoring Benchmarking Performance analysis,Focus on performance and load testing to assess the scalability and responsiveness of software applications. Identify bottlenecks and optimize application performance. Generate performance test reports and recommendations.
4 to 12 Years,B.Tech,$64K-$98K,Contract,Litigation Attorney,Family Law Attorney,"Family Law Attorneys deal with legal matters related to family relationships. They handle cases like divorce, child custody, adoption, and domestic disputes to provide legal guidance.",Family law Divorce proceedings Child custody Mediation Legal counseling Court representation,"Specialize in family law matters, such as divorce, child custody, and adoption. Advocate for clients in family court proceedings. Offer legal advice and mediation services."
3 to 15 Years,MCA,$65K-$122K,Part-Time,Mechanical Engineer,Mechanical Design Engineer,"Mechanical Design Engineers create and develop mechanical systems and components, from concept to manufacturing, ensuring functionality and safety.","Mechanical engineering CAD software (e.g., SolidWorks, AutoCAD) Finite element analysis Product development Prototyping","Design mechanical systems, components, and products. Create 3D models and detailed engineering drawings. Perform structural and thermal analyses."
1 to 8 Years,B.Com,$56K-$86K,Temporary,Network Administrator,Network Security Analyst,"Protect an organizations computer networks and systems from security threats, monitor network traffic, and respond to incidents.",Network security protocols Intrusion detection and prevention Security incident response Firewall administration Vulnerability assessment Security policies and procedures Log analysis Ethical hacking Problem-solving Communication skills Attention to detail,"Manage and secure computer networks, including firewalls and intrusion detection systems. Monitor network traffic for security threats. Implement security policies and procedures."
1 to 9 Years,MCA,$57K-$98K,Full-Time,Account Manager,Sales Account Manager,"A Sales Account Manager is responsible for building and maintaining relationships with clients, identifying their needs, and proposing tailored solutions to achieve sales targets.",Account management Sales strategy Negotiation and closing skills,Manage sales accounts and ensure revenue growth. Identify cross-selling and upselling opportunities. Develop account strategies and forecasts.
4 to 12 Years,M.Com,$65K-$100K,Part-Time,Brand Manager,Product Brand Manager,A Product Brand Manager focuses on promoting and managing the brand identity of specific products or product lines within a companys portfolio.,Product branding and marketing Product lifecycle management Cross-functional team collaboration Product launch planning Market segmentation and targeting,Manage the branding of specific products or product lines. Create product launch plans and marketing campaigns. Ensure consistent product messaging and brand representation.
5 to 14 Years,M.Tech,$60K-$83K,Part-Time,Social Worker,School Social Worker,"Support students social and emotional well-being in schools, collaborate with educators, and connect families with resources.",School social work principles Student assessment and intervention Special education laws Individualized education plans (IEPs) Crisis management Collaboration with educators Family engagement Advocacy Empathy and communication Documentation Cultural competence Licensing and certification,Collaborate with schools to support students academic and social needs. Conduct assessments and provide counseling and resources. Advocate for students and families.
0 to 11 Years,BA,$55K-$117K,Full-Time,Social Media Coordinator,Content Creator,"Create engaging and relevant content, such as articles, videos, or social media posts, to promote brands or products.","Content creation (e.g., writing, editing, graphic design, video production) Content marketing Social media management SEO optimization Creative storytelling Audience engagement Analytics and reporting Adaptability Communication skills Creativity","Create compelling and shareable content for social media platforms, including text, images, and videos. Collaborate with designers and photographers for visuals. Engage with the audience and respond to comments."
3 to 12 Years,BA,$55K-$121K,Contract,Email Marketing Specialist,Deliverability Analyst,"Monitor and improve email deliverability rates, troubleshoot delivery issues, and maintain a clean email list.","Email deliverability best practices Spam filter testing List hygiene Blacklist monitoring Email authentication (e.g., SPF, DKIM) Deliverability metrics analysis Troubleshooting deliverability issues Communication skills Data analysis Attention to detail","Focus on email deliverability, monitoring email sender reputation and list quality. Troubleshoot email delivery issues and maintain sender compliance. Implement best practices for inbox placement."
5 to 9 Years,PhD,$65K-$128K,Temporary,HR Generalist,HR Coordinator,"HR Coordinators assist in HR functions such as recruitment, onboarding, and employee record maintenance. They often handle administrative tasks, organize training programs, and provide support to the HR department in various ways.",Human resources Recruitment Employee onboarding HRIS (HR Information Systems) Record keeping Communication skills,"Assist with recruitment activities, including posting job openings, coordinating interviews, and managing applicant data. Ensure a positive candidate experience. Maintain recruitment records and metrics."
0 to 15 Years,B.Tech,$62K-$120K,Full-Time,Legal Assistant,Legal Secretary,"Provide administrative support to legal professionals, manage schedules, draft documents, and handle correspondence.","Legal administrative tasks Document management Calendar and docketing Transcription File organization Communication with clients and courts Knowledge of legal terminology Attention to detail Multitasking Computer skills (e.g., MS Office)","Provide administrative support to legal professionals, including scheduling appointments and managing calendars. Prepare legal correspondence and forms. Maintain legal databases and records."
0 to 10 Years,BCA,$64K-$98K,Intern,Nurse Practitioner,Family Nurse Practitioner,"Family Nurse Practitioners specialize in family-centered healthcare, providing comprehensive medical care to individuals of all ages within a family context.",Family medicine Health assessment Pediatric care Chronic disease management Patient education,"Focus on family-centered care, providing healthcare services to individuals and families of all ages. Perform physical exams, order diagnostic tests, and manage chronic conditions. Promote health and wellness."
1 to 8 Years,M.Tech,$58K-$116K,Intern,Account Director,Account Strategist,"Account Strategists work in advertising or marketing agencies, managing client accounts. They develop strategies to meet client goals, oversee campaign execution, and maintain client satisfaction by providing expert guidance and solutions.",Account management Client relations Marketing strategies Campaign optimization Data analysis Communication skills,Develop account strategies and marketing plans to achieve client objectives. Analyze campaign performance data and provide strategic recommendations. Collaborate with cross-functional teams.
2 to 14 Years,PhD,$62K-$124K,Temporary,Software Engineer,Backend Developer,"A Backend Developer is tasked with building and maintaining the server-side logic and database infrastructure of web applications. They work on the core functionality, data storage, and server communication to ensure the application runs smoothly and efficiently.","Proficiency in one or more backend programming languages (e.g., Java, Python, Node.js, Ruby) API development Database management (SQL or NoSQL) Server management and deployment Security best practices Knowledge of web frameworks (e.g., Express, Django)","Develop server-side logic and databases using programming languages like Java, Python, or Node.js. Ensure data security and integrity. Implement APIs for seamless communication between frontend and backend."
3 to 9 Years,MBA,$60K-$104K,Temporary,Purchasing Agent,Supply Chain Coordinator,"A Supply Chain Coordinator manages supply chain operations, coordinates logistics, and ensures the seamless flow of goods and materials throughout the supply chain network.",Supply chain logistics Inventory management Communication skills Problem-solving Vendor coordination,"Coordinate supply chain activities, including logistics, transportation, and demand planning. Collaborate with suppliers and distribution partners. Monitor and improve supply chain efficiency."
5 to 15 Years,M.Tech,$59K-$88K,Contract,Sales Consultant,B2B Sales Consultant,"B2B Sales Consultants specialize in business-to-business sales. They identify and target potential corporate clients, negotiate contracts, and build long-term relationships to drive sales growth in the B2B market.",B2B sales Business-to-business sales strategies Lead generation Sales negotiations Client relationship building Market research,"Specialize in business-to-business (B2B) sales, targeting corporate clients. Build and maintain long-term relationships with key clients. Negotiate and close complex sales deals."
4 to 15 Years,BA,$64K-$100K,Part-Time,Civil Engineer,Structural Engineer,"A Structural Engineer designs and analyzes the structural integrity of buildings, bridges, and other structures. They ensure safety and compliance with engineering standards.","Structural engineering principles Structural analysis and design software (e.g., AutoCAD, SAP2000) Building codes and standards Project management Structural integrity assessment",Design and analyze structural components and systems for buildings and infrastructure projects. Ensure structural safety and compliance with codes and standards. Collaborate with architects and contractors.
0 to 12 Years,M.Com,$63K-$86K,Intern,Network Security Specialist,Security Operations Center (SOC) Analyst,"SOC Analysts work in security operations centers. They monitor and respond to security incidents, analyze threats, and implement security protocols to protect an organizations assets.","SOC operations Security incident response Threat detection Log analysis Security tools (e.g., IDS/IPS) Security alerts triage",Work in SOC teams to monitor and respond to security incidents. Investigate and analyze security alerts and incidents. Maintain security documentation and incident reports.
2 to 10 Years,BBA,$65K-$119K,Intern,UI Developer,Front-End Developer,A Front-End Developer specializes in creating the user interface and user experience of websites or applications. They code and design elements that users interact with directly.,"Front-end web development HTML, CSS, JavaScript Responsive design Web performance optimization Cross-browser compatibility","Develop and maintain user interfaces for websites and web applications. Write clean and efficient HTML, CSS, and JavaScript code. Collaborate with UX designers to ensure a seamless user experience."
4 to 8 Years,BA,$55K-$83K,Intern,Financial Planner,Tax Planner,"Assist clients with tax planning, minimize tax liabilities, and stay up-to-date with tax laws and regulations.",Tax planning strategies Tax law knowledge Financial analysis Retirement planning Estate planning Client relationship management Tax optimization Communication skills Attention to detail Tax software proficiency Regulatory compliance,"Focus on tax planning and optimization, helping clients minimize tax liabilities. Stay updated on tax laws and regulations. Provide tax-efficient financial strategies."
3 to 8 Years,BA,$65K-$115K,Part-Time,Event Planner,Event Coordinator,"Event Coordinators plan and execute various events, including conferences, parties, and meetings, managing logistics, budgets, and vendor relationships.",Event planning Vendor coordination Budget management Marketing and promotion Logistics,"Plan and coordinate events, including logistics, vendor management, and timelines. Communicate with clients to understand event goals and preferences. Ensure smooth event execution."
1 to 14 Years,M.Com,$57K-$121K,Contract,Psychologist,Clinical Psychologist,"Clinical Psychologists diagnose and treat mental health disorders. They conduct therapy sessions, assessments, and research to improve patients well-being.",Clinical psychology Counseling skills Assessment tools Diagnostic skills Empathy and listening skills,"Provide therapy and counseling services to individuals, couples, and families. Conduct psychological assessments and diagnoses. Develop treatment plans and provide ongoing support."
1 to 13 Years,B.Com,$65K-$82K,Contract,Electrical Designer,Electrical Engineer,"Electrical Engineers design and develop electrical systems and devices. They work on projects such as power generation, electronics, and control systems for various industries.",Electrical engineering Circuit design Electronics AutoCAD proficiency Problem-solving,Design electrical systems and components for buildings and infrastructure projects. Ensure compliance with electrical codes and safety standards. Collaborate with architects and contractors.
3 to 10 Years,M.Com,$58K-$129K,Part-Time,Data Analyst,Business Intelligence Analyst,"Business Intelligence Analysts gather and analyze data to provide valuable insights to support decision-making within an organization. They create reports, dashboards, and data visualizations to help stakeholders understand trends, patterns, and opportunities in the data.","Data analysis and visualization tools (e.g., Tableau, Power BI) SQL and database querying Business intelligence concepts Data modeling and reporting Strong analytical and problem-solving skills Data-driven decision-making",Gather and analyze data to provide insights for decision-making using tools like Tableau or Power BI. Create data visualizations and reports. Identify trends and patterns in data.
0 to 12 Years,PhD,$60K-$89K,Intern,Technical Writer,Content Writer,"Content Writers create written content for various platforms. They produce articles, blog posts, and web content to inform, educate, or entertain audiences.",Writing skills Content creation SEO knowledge Research skills Grammar and proofreading,"Write informative and engaging content for websites, blogs, and marketing materials. Conduct research and interviews to gather information. Tailor content to target audiences."
4 to 12 Years,M.Com,$57K-$100K,Part-Time,Tax Consultant,Personal Tax Consultant,A Personal Tax Consultant provides tax planning and preparation services to individuals. They help clients optimize their tax situations while ensuring compliance with tax laws.,Tax law knowledge Individual tax planning Tax return preparation Tax deductions and credits Tax compliance IRS regulations Client relationship management Communication skills Attention to detail Tax software proficiency,Assist individuals and families with personal income tax planning and compliance. Prepare and file tax returns. Provide tax advice and financial planning.
5 to 14 Years,BCA,$56K-$109K,Intern,Account Executive,Sales Account Executive,"A Sales Account Executive is responsible for acquiring and managing business accounts. They identify sales opportunities, negotiate contracts, and meet revenue targets.",Sales strategies and tactics Account management Relationship building Sales forecasting Industry and product knowledge,Identify and pursue sales opportunities with new and existing clients. Build and maintain client relationships. Meet or exceed sales targets and quotas.
2 to 13 Years,BCA,$55K-$121K,Part-Time,Systems Administrator,IT Support Specialist,"IT Support Specialists provide technical assistance to end-users, troubleshooting hardware and software problems, setting up equipment, and maintaining IT infrastructure.",Technical troubleshooting Hardware and software support Customer service Problem-solving Communication,"Provide technical support to end-users, troubleshoot hardware and software issues, and resolve IT-related problems. Install and configure computer systems and software. Maintain IT documentation and knowledge base."
1 to 15 Years,BBA,$56K-$82K,Temporary,Database Administrator,Database Developer,"A Database Developer designs, develops, and maintains databases. They create efficient data structures, write queries, and ensure data security and integrity.","Database design and development SQL and database querying Data modeling Programming languages (e.g., Java, Python) Data security and privacy regulations knowledge","Design and implement database systems, tables, and structures. Develop and optimize SQL queries and scripts. Ensure data security, integrity, and backup procedures."
1 to 15 Years,B.Tech,$59K-$80K,Intern,Research Analyst,Social Science Researcher,"A Social Science Researcher conducts research in fields such as sociology, psychology, or anthropology to study human behavior and social phenomena, contributing to academic knowledge.","Social science research methods Qualitative and quantitative data analysis Survey design and implementation Ethnographic research Interviewing skills Research ethics Statistical software (e.g., Stata, NVivo) Report writing Communication skills Critical thinking Empathy","Conduct research in social sciences, gathering and analyzing data on social phenomena, human behavior, and public policy. Publish research findings in academic journals. Contribute to social science research projects."
3 to 9 Years,B.Tech,$56K-$109K,Temporary,Data Entry Clerk,Record Keeper,"A Record Keeper is responsible for maintaining accurate records and databases, ensuring data integrity, and assisting in data retrieval when needed.",Records management Data entry and retrieval Attention to detail,"Maintain records, files, and documentation in an organized manner. Ensure compliance with record-keeping policies and regulations. Retrieve and update records as needed."
5 to 14 Years,MCA,$64K-$130K,Intern,Registered Nurse,Staff Nurse,"A Staff Nurse provides patient care, administers medications, and collaborates with healthcare teams to ensure the well-being of patients in clinical settings.",Nursing care Patient assessment Medical knowledge,"Provide direct patient care, including assessments, medication administration, and wound care. Monitor patient conditions and vital signs. Collaborate with healthcare teams to develop care plans."
4 to 8 Years,MCA,$57K-$97K,Temporary,Investment Analyst,Risk Analyst,A Risk Analyst assesses and manages financial risks within an organization. They use data analysis and modeling to evaluate potential risks and recommend mitigation strategies.,Risk assessment Data analysis Financial modeling Risk management tools Regulatory compliance knowledge,"Evaluate investment risks, including market, credit, and operational risks. Develop risk models and stress tests. Implement risk management strategies and controls."
5 to 10 Years,M.Com,$62K-$127K,Temporary,Speech Therapist,Speech Pathologist,"Speech Pathologists diagnose and treat speech, language, and swallowing disorders in patients of all ages. They develop personalized treatment plans to improve communication.",Speech pathology Articulation therapy Language disorders Speech assessment Therapy planning Communication skills,Diagnose and treat a wide range of speech and language disorders across age groups. Use assessment tools and therapeutic techniques. Help individuals improve their communication abilities.
4 to 8 Years,B.Com,$55K-$105K,Contract,Sales Manager,Regional Sales Director,"Oversee sales operations within a specific region, develop sales plans, and manage regional sales teams.",Sales strategy development Territory management Sales team leadership,Oversee sales activities and strategy for a specific geographic region. Develop sales plans and objectives. Analyze regional market trends and competition.
0 to 13 Years,B.Com,$64K-$92K,Temporary,Landscape Architect,Urban Planner,"Develop and implement urban planning strategies, manage land use, and ensure sustainable city development.",Urban design and planning Zoning regulations GIS and mapping tools,"Plan and design urban spaces, parks, and recreational areas. Consider sustainability and community needs in design. Collaborate with city planners and architects."
5 to 15 Years,B.Tech,$60K-$102K,Temporary,Key Account Manager,Strategic Account Manager,"Strategic Account Managers nurture relationships with key clients. They develop account strategies, address client needs, and seek opportunities for business growth and expansion.",Account management Client relationship Sales strategy Business development Negotiation skills,"Focus on strategic planning for key accounts, identifying long-term goals and growth opportunities. Collaborate with cross-functional teams to meet client needs. Monitor account performance and profitability."
4 to 14 Years,B.Tech,$63K-$109K,Intern,UX Researcher,User Researcher,"Conduct user research to understand customer needs, preferences, and behaviors to inform product development.",User research methods Usability testing Data analysis and interpretation,"Conduct user research to understand user behavior, needs, and preferences. Plan and execute user interviews, surveys, and usability studies. Analyze research findings and generate insights."
2 to 10 Years,B.Com,$65K-$88K,Part-Time,Investment Banker,Financial Analyst,"A Financial Analyst conducts financial analysis, generates reports, and provides insights to support decision-making, budgeting, and financial planning.",Financial analysis Data analysis Financial modeling,"Analyze financial data, research investment opportunities, and provide recommendations for investment decisions. Create financial models and projections. Collaborate with clients on investment strategies."
2 to 9 Years,BBA,$65K-$117K,Intern,IT Support Specialist,Desktop Support Technician,"Desktop Support Technicians troubleshoot and maintain desktop computer systems, resolving hardware and software problems for users.","Desktop hardware and software troubleshooting Operating system expertise (e.g., Windows, macOS) Remote desktop support Hardware and software upgrades Customer service skills","Install, configure, and maintain desktop computers and peripherals. Perform hardware and software upgrades and repairs. Manage IT inventory and asset tracking."
3 to 12 Years,BA,$61K-$111K,Temporary,Art Director,Art Curator,"An Art Curator is responsible for managing and preserving a collection of artworks. They curate exhibitions, acquire new pieces, and educate the public about the art.",Art history and knowledge Art curation and exhibition planning Collections management Art market trends Cultural awareness,"Curate and manage art collections, exhibitions, and galleries. Research and select artworks for display. Collaborate with artists, collectors, and institutions."
0 to 11 Years,M.Tech,$56K-$94K,Contract,Software Developer,Mobile App Developer,Mobile App Developers design and develop mobile applications for various platforms. They collaborate with cross-functional teams to create user-friendly and functional mobile apps that meet user needs.,"Mobile app development languages (e.g., Java, Swift, Kotlin) Cross-platform development (e.g., React Native, Flutter) Mobile app design principles APIs and web services integration Debugging and troubleshooting",Create mobile applications for iOS and Android platforms. Optimize mobile app performance and user experience. Collaborate with cross-functional teams to define app requirements.
1 to 11 Years,BCA,$65K-$121K,Intern,Project Manager,Agile Project Manager,"The Agile Project Manager leads Agile teams, facilitating effective project development and delivery. They use Agile methodologies to manage tasks, prioritize work, and adapt to changing requirements while fostering collaboration among team members.","Agile methodologies Scrum or Kanban Team collaboration Agile tools (e.g., Jira)","Facilitate agile project development, collaborate with cross-functional teams, and manage project backlogs and sprints. Coach and mentor team members on agile practices. Drive continuous improvement of agile processes."
0 to 8 Years,BCA,$55K-$96K,Part-Time,Customer Service Manager,Service Quality Assurance Manager,"Service Quality Assurance Managers monitor and evaluate service quality in an organization. They develop quality standards, conduct audits, analyze customer feedback, and implement improvements to ensure consistent high-quality service delivery.",Quality assurance Quality control Process improvement Audit procedures Compliance standards Root cause analysis,Ensure service quality and consistency by defining and implementing QA standards and processes. Conduct regular quality audits and provide feedback to the team. Identify areas for improvement and training.
4 to 13 Years,MBA,$59K-$101K,Full-Time,Procurement Manager,Procurement Analyst,"Analyze procurement data, identify cost-saving opportunities, and support the procurement process.",Procurement processes Vendor assessment Contract negotiation Purchase order management Spend analysis Market research Supplier relationship management Data analysis Problem-solving Attention to detail Communication skills Financial acumen,Analyze procurement data and trends to support decision-making. Conduct supplier evaluations and performance assessments. Assist in procurement planning and forecasting.
3 to 10 Years,B.Com,$63K-$114K,Intern,Substance Abuse Counselor,Family Counselor,"A Family Counselor works with families to address interpersonal issues, improve communication, and resolve conflicts, fostering healthier family dynamics.",Family counseling Marriage and family therapy Conflict resolution skills,Work with the families of individuals facing substance abuse challenges. Provide education and therapy to improve family dynamics and support networks. Collaborate with treatment teams.
1 to 15 Years,MCA,$64K-$82K,Intern,Supply Chain Analyst,Logistics Analyst,"A Logistics Analyst analyzes and optimizes logistics and supply chain operations, identifying cost-saving opportunities, improving transportation efficiency, and enhancing supply chain performance.",Supply chain analysis Data analytics Inventory management Transportation planning Problem-solving,"Analyze and optimize logistics and supply chain processes, including transportation and warehousing. Monitor inventory levels and track shipments. Identify cost-saving opportunities."
0 to 9 Years,B.Tech,$56K-$125K,Intern,Data Engineer,Data Architect,"A Data Architect designs and manages data infrastructure, ensuring data availability, security, and integrity while aligning data systems with business goals and requirements.",Data architecture design Database management systems Data modeling,Design data architecture and systems to meet business needs. Develop data models and database schemas. Ensure data security and compliance.
1 to 8 Years,BA,$55K-$87K,Full-Time,Accountant,Financial Accountant,"Financial Accountants handle financial records, prepare financial statements, and ensure compliance with accounting standards. They analyze financial data to provide accurate financial reports and support decision-making within the organization.","Financial reporting Accounting software (e.g., QuickBooks) Auditing GAAP knowledge","Maintain financial records, prepare financial statements, and ensure compliance with accounting standards and regulations. Reconcile accounts and analyze financial data. Assist with financial audits."
4 to 8 Years,PhD,$56K-$101K,Contract,Sales Representative,Inside Sales Representative,"Inside Sales Representatives are responsible for selling products or services to customers over the phone or through online channels. They engage with leads, answer customer inquiries, and use persuasive communication to close sales and meet revenue targets.","Sales prospecting and lead generation Sales presentation and communication CRM software (e.g., Salesforce) Sales negotiation and closing techniques Product knowledge Relationship building","Identify and qualify sales leads, conduct sales presentations, and close deals through phone and email. Maintain accurate sales records and reports. Provide excellent customer service throughout the sales process."
1 to 11 Years,BBA,$63K-$104K,Intern,Environmental Consultant,Sustainability Consultant,"Sustainability Consultants advise organizations on sustainable practices and strategies. They assess environmental impact, recommend sustainability initiatives, and assist in the development and implementation of sustainable policies.",Sustainability consulting Sustainability assessments Sustainable practices Green building standards Environmental policies Client communication,"Focus on sustainable practices and initiatives, advising clients on reducing their environmental footprint. Develop sustainability plans and strategies. Conduct sustainability audits and reporting."
5 to 13 Years,BBA,$59K-$113K,Temporary,Electrical Engineer,Electronics Hardware Engineer,"Electronics Hardware Engineers develop and design electronic components and systems, from circuit boards to hardware prototypes, ensuring functionality and performance.",Electronics design PCB layout Embedded systems Circuit analysis Troubleshooting,Develop electronic hardware components and circuits for various applications. Conduct testing and validation of electronic systems. Collaborate with cross-functional teams on product development.
0 to 9 Years,M.Tech,$65K-$107K,Temporary,Systems Engineer,Systems Integration Specialist,"The role of a Systems Integration Specialist involves integrating various software and hardware components to create cohesive systems. You will design and implement solutions that enable different systems to communicate and work together seamlessly. Your responsibilities also include troubleshooting integration issues, ensuring data consistency, and collaborating with cross-functional teams.",Systems integration Integration architecture Data mapping Middleware technologies API integration System testing Troubleshooting,"Integrate various software and hardware systems within an organization, ensuring seamless data flow and interoperability. Collaborate with software developers and IT teams on integration projects."
2 to 12 Years,B.Tech,$64K-$103K,Part-Time,Art Teacher,Art Education Coordinator,"An Art Education Coordinator plans and manages art education programs, curriculum development, and educational outreach to promote art appreciation and learning within communities.",Art education curriculum Program development Teacher training Communication skills Artistic expertise,"Coordinate art education programs, curriculum development, and student assessments. Collaborate with other educators and schools. Organize art exhibitions and showcases."
1 to 8 Years,MCA,$58K-$83K,Part-Time,Human Resources Manager,Talent Acquisition Manager,"Talent Acquisition Managers oversee the recruitment and hiring process. They develop recruitment strategies, source candidates, conduct interviews, and collaborate with hiring managers to attract and hire qualified talent to meet the organizations staffing needs.",Talent sourcing Interviewing Onboarding Recruitment strategies HR software,"Lead talent acquisition efforts, including sourcing, interviewing, and onboarding new employees. Collaborate with hiring managers to define job requirements. Develop and implement recruitment strategies."
1 to 15 Years,MCA,$55K-$126K,Contract,Inventory Analyst,Inventory Control Specialist,"Inventory Control Specialists manage and optimize inventory levels in a business. They track stock, monitor demand, and implement inventory control procedures to ensure efficient operations and minimize carrying costs.",Inventory management Stock control Demand forecasting Inventory tracking systems Supply chain coordination Problem-solving skills,"Manage inventory levels, track stock movements, and optimize inventory turnover. Conduct regular inventory counts and reconcile discrepancies. Ensure accurate and efficient inventory management."
4 to 13 Years,M.Com,$58K-$121K,Contract,Legal Counsel,Corporate Attorney,"Corporate Attorneys provide legal counsel and representation to organizations. They handle legal matters, contracts, mergers, acquisitions, and ensure compliance with laws and regulations relevant to the business.",Corporate law and regulations Contract drafting and negotiation Legal research and analysis Risk management Excellent communication and negotiation skills,"Provide legal advice and guidance on corporate matters, contracts, and regulatory compliance. Draft and review legal documents and agreements. Represent the company in legal proceedings."
4 to 14 Years,MCA,$58K-$81K,Part-Time,Database Developer,SQL Database Developer,"SQL Database Developers design, implement, and maintain relational databases using SQL (Structured Query Language). They write queries, optimize database performance, and ensure data integrity and security.",SQL (Structured Query Language) Database design Query optimization Data modeling Database maintenance Problem-solving skills,"Design, develop, and maintain SQL databases, ensuring data integrity and performance. Write complex SQL queries and stored procedures. Troubleshoot database issues and optimize queries."
1 to 9 Years,B.Tech,$59K-$108K,Temporary,Procurement Specialist,Procurement Manager,"Procurement Managers oversee procurement processes, managing vendor relationships, negotiating contracts, and ensuring cost-effective purchasing of goods and services.",Procurement strategies Supplier management Negotiation Cost analysis Supply chain management,"Manage procurement processes, vendor relationships, and supplier negotiations. Develop procurement strategies and cost-saving initiatives. Ensure timely delivery of goods and services."
5 to 15 Years,B.Com,$63K-$85K,Intern,Systems Analyst,IT Analyst,"An IT Analyst assesses and analyzes IT systems, identifying areas for improvement, implementing technology solutions, and providing technical support to users and departments.",IT systems analysis Troubleshooting IT support and documentation,"Analyze business systems, processes, and requirements to identify IT solutions. Develop system specifications and requirements documents. Collaborate with IT teams to implement solutions."
0 to 12 Years,MBA,$61K-$94K,Temporary,Copywriter,Creative Copywriter,"Creative Copywriters craft engaging and persuasive copy for marketing materials, advertisements, and content marketing campaigns. They use their writing skills to captivate audiences and convey brand messages effectively.",Creative writing Copywriting Advertising copy Content creation Brand storytelling Marketing campaigns Proofreading and editing,"Write creative and persuasive copy for advertising campaigns, marketing materials, and brand storytelling. Develop unique and engaging brand voices and messages. Collaborate with art directors and designers."
4 to 15 Years,BCA,$61K-$122K,Part-Time,Content Writer,Content Strategist,"Content Strategists develop and execute content strategies that align with business objectives. They plan content creation, distribution, and promotion to engage audiences and drive brand growth.",Content strategy Content planning SEO optimization Content marketing Analytics,"Develop content strategies, plan editorial calendars, and ensure content aligns with marketing and branding objectives. Monitor content performance and adjust strategies. Identify content trends and opportunities."
2 to 14 Years,MBA,$65K-$107K,Intern,HR Coordinator,Training Coordinator,"Training Coordinators design and implement employee training programs. They assess training needs, develop training materials, and facilitate training sessions to enhance employees skills and knowledge.",Training program coordination Training material development Learning management systems,"Coordinate employee training programs, track training records, and assist with training logistics. Identify training needs and develop training materials. Facilitate training sessions or workshops."
3 to 13 Years,BCA,$65K-$113K,Part-Time,Business Development Manager,Strategic Partnerships Manager,"A Strategic Partnerships Manager identifies and develops strategic partnerships and alliances that benefit the organization, fostering collaborations and driving mutual success.",Partnership development Negotiation and collaboration Business development,Identify and establish strategic partnerships and alliances. Negotiate partnership agreements and terms. Collaborate with partners to achieve mutual business goals.
0 to 12 Years,B.Com,$63K-$96K,Intern,Java Developer,Java Backend Developer,"Java Backend Developers specialize in building the server-side components of software applications using Java. They work on database integration, server logic, and performance optimization to ensure efficient and reliable backend functionality.","Backend development RESTful APIs Database integration Java EE (Enterprise Edition) Performance optimization Version control (e.g., Git)",Develop server-side applications and APIs using Java and related technologies. Optimize application performance and scalability. Implement security measures and authentication systems.
5 to 10 Years,BA,$56K-$129K,Intern,Supply Chain Manager,Demand Planner,A Demand Planner analyzes historical sales data to forecast future demand for products. They work to optimize inventory levels and ensure product availability while minimizing costs.,Demand forecasting Inventory management Data analysis Sales and operations planning (S&OP) ERP software proficiency,Analyze demand patterns and market trends to forecast product demand. Collaborate with production and sales teams to optimize inventory levels. Implement demand planning and forecasting tools.
0 to 13 Years,PhD,$60K-$100K,Part-Time,Event Coordinator,Event Planner,"Plan and coordinate events, including selecting venues, managing budgets, arranging logistics, and ensuring a successful outcome.",Event planning and coordination Budget management Vendor negotiation Venue selection and management Timeline and logistics planning Marketing and promotion Risk management Client communication Creativity Problem-solving Attention to detail,"Plan and organize events, such as weddings, conferences, and parties. Coordinate logistics, vendors, and budgets. Ensure events run smoothly and meet client expectations."
0 to 10 Years,BA,$62K-$102K,Contract,Family Nurse Practitioner,Geriatric Nurse Practitioner,Geriatric Nurse Practitioners focus on the healthcare needs of elderly patients. They provide specialized care and address age-related health concerns.,Geriatric healthcare Geriatric assessment Geriatric treatment Elderly patient care Geriatric pharmacology,"Focus on elderly patient care, addressing age-related health concerns. Manage chronic conditions and medication regimens. Collaborate with healthcare teams in nursing homes or geriatric clinics."
2 to 10 Years,M.Tech,$58K-$125K,Temporary,Front-End Engineer,JavaScript Developer,"JavaScript Developers write code to create interactive and dynamic web applications. They use JavaScript libraries and frameworks to build client-side functionality, ensuring smooth user interactions and responsive web design.","JavaScript programming Frontend development Frontend frameworks (e.g., React, Angular) DOM manipulation AJAX Debugging and troubleshooting","Develop interactive web applications using JavaScript frameworks and libraries, such as React or Angular. Debug and resolve frontend issues. Ensure cross-browser compatibility."
4 to 12 Years,BCA,$55K-$111K,Contract,Customer Success Manager,Account Manager,"An Account Manager builds and maintains relationships with clients or customers, ensuring their needs are met and promoting products or services to drive revenue and growth.",Account management Customer relationship management Sales and negotiation Business development Client needs analysis,"Build and nurture relationships with key clients, understanding their business goals. Identify opportunities for upselling or cross-selling products or services. Ensure client satisfaction and retention."
0 to 12 Years,BCA,$59K-$113K,Intern,Procurement Coordinator,Purchasing Coordinator,"Purchasing Coordinators manage procurement processes. They source and purchase goods and services, negotiate with suppliers, and ensure cost-effective and timely acquisitions.",Procurement Supplier management Negotiation Supply chain management Inventory control Vendor relations,"Coordinate purchasing activities, including vendor sourcing and negotiation. Create purchase orders and track deliveries. Ensure cost-effective procurement."
5 to 10 Years,BBA,$57K-$104K,Full-Time,Urban Planner,Transportation Planner,"Transportation Planners design and manage transportation systems. They optimize traffic flow, plan public transit routes, and enhance overall transportation efficiency.",Transportation planning Traffic engineering GIS proficiency Public transportation Project management,Specialize in transportation infrastructure and traffic management. Design efficient transportation networks. Address traffic congestion and improve public transit systems.
3 to 15 Years,M.Com,$62K-$98K,Contract,Architectural Designer,Interior Designer,"Interior Designers plan and design interior spaces to meet the functional and aesthetic needs of clients. They select furniture, colors, materials, and layouts to create visually appealing and functional interiors for homes and businesses.","Interior design Space planning Color theory Material selection CAD software (e.g., SketchUp) Client collaboration Budget management","Focus on interior spaces, selecting finishes, furnishings, and color schemes. Create interior design concepts and mood boards. Collaborate with architects and contractors on design integration."
4 to 14 Years,B.Tech,$56K-$92K,Full-Time,Financial Analyst,Investment Analyst,"Investment Analysts analyze financial data and market trends to make informed investment recommendations. They research and assess investment opportunities, create financial models, and provide insights to guide investment decisions and portfolio management.",Financial analysis Investment evaluation Portfolio management Data analysis,"Analyze financial data, research investment opportunities, and provide recommendations for investment decisions. Monitor financial markets and economic trends. Prepare investment reports and presentations."
2 to 10 Years,M.Tech,$61K-$116K,Contract,Environmental Engineer,Sustainability Specialist,"A Sustainability Specialist promotes sustainability initiatives within organizations, develops sustainability programs, and helps reduce environmental impacts while increasing efficiency.",Sustainability practices Environmental management systems Green certifications,Promote sustainability practices within organizations. Develop sustainability plans and initiatives. Monitor and report on sustainability metrics and goals.
1 to 15 Years,M.Com,$60K-$98K,Part-Time,Back-End Developer,Server Developer,"A Server Developer specializes in developing and maintaining server-side applications and systems, ensuring efficient data processing and server functionality.","Server-side programming languages (e.g., Java, Python) Database management API development",Develop and maintain server-side logic and databases for web applications. Optimize server performance and scalability. Collaborate with front-end developers to integrate user interfaces.
3 to 12 Years,BBA,$60K-$108K,Part-Time,Structural Engineer,Design Engineer,"A Design Engineer creates and develops product designs and specifications, using engineering principles and design software to bring innovative products to market.",Engineering design CAD software proficiency Problem-solving Technical knowledge Communication skills,Design structural systems and components for buildings and infrastructure projects. Perform structural analysis and calculations. Create detailed design plans and specifications.
2 to 10 Years,M.Com,$63K-$106K,Temporary,Market Research Analyst,Market Research Coordinator,"A Market Research Coordinator supports market research initiatives by organizing and managing research projects, data collection, and analysis efforts.",Market research coordination Survey design and administration Data analysis,"Coordinate research projects, including participant recruitment and data collection. Collaborate with research teams and ensure project timelines are met. Maintain research databases and records."
0 to 14 Years,BBA,$55K-$95K,Contract,Customer Service Representative,Call Center Agent,"A Call Center Agent handles incoming and outgoing customer calls, providing assistance, resolving issues, and ensuring a positive customer experience over the phone.",Customer service Call center operations Problem-solving skills,Handle incoming phone calls and provide information or assistance. Follow call scripts and procedures. Document and report call details.
5 to 15 Years,BA,$56K-$87K,Temporary,Customer Support Specialist,Customer Success Manager,"Customer Success Managers focus on ensuring customer satisfaction and retention. They build relationships with clients, understand their needs, and work to maximize the value customers receive from products or services, ultimately driving customer success and loyalty.",Customer relationship management Onboarding and training Customer feedback analysis Retention strategies Cross-selling and upselling Strong communication and empathy Customer advocacy,"Build and maintain strong customer relationships, ensuring customer satisfaction and retention. Identify opportunities to upsell or cross-sell products or services. Gather and relay customer feedback to improve products."
1 to 8 Years,B.Com,$63K-$127K,Temporary,Business Analyst,IT Business Analyst,"IT Business Analysts bridge the gap between business needs and technology solutions. They analyze business processes, gather requirements, and create solutions that align with organizational goals.",Business process analysis Requirement gathering Data analysis Communication skills,"Analyze business processes, gather requirements, and recommend solutions to enhance efficiency and productivity. Create business process models and documentation. Collaborate with IT teams to implement solutions."
4 to 8 Years,B.Tech,$56K-$126K,Contract,Social Media Manager,Social Media Analyst,"Social Media Analysts analyze social media data and metrics to provide insights and recommendations for improving social media strategies. They track performance, identify trends, and support data-driven decision-making.","Social media analytics tools (e.g., Google Analytics, Facebook Insights) Data analysis and reporting Social media ROI measurement Competitive analysis Trend identification",Analyze social media data and user behavior to generate actionable insights. Track key performance indicators (KPIs) and recommend optimization strategies. Stay updated on social media trends and algorithm changes.
2 to 10 Years,PhD,$65K-$89K,Contract,Family Lawyer,Child Custody Lawyer,"Child Custody Lawyers specialize in family law, focusing on cases related to child custody and visitation rights. They represent clients in court, provide legal counsel, and advocate for the best interests of children in custody disputes.",Child custody law Family law Legal advocacy Negotiation Court representation Legal research Client counseling Case preparation,"Specialize in child custody cases, advocating for the best interests of children. Conduct investigations, gather evidence, and present cases in court. Negotiate parenting plans and visitation schedules."
0 to 15 Years,BA,$60K-$114K,Intern,Chemical Analyst,Quality Control Analyst,"In the role of a Quality Control Analyst, you will be responsible for inspecting and testing products to ensure they meet quality standards and specifications. You will use quality control tools and processes to identify defects, document findings, and recommend improvements. Your role is essential in maintaining product quality and customer satisfaction.",Quality control Quality assurance QC testing methods Compliance standards Root cause analysis Documentation Statistical analysis,Ensure the quality and consistency of chemical products and processes through testing and inspection. Identify non-conformities and deviations. Maintain quality control documentation.
0 to 13 Years,BCA,$63K-$85K,Full-Time,Network Technician,Network Security Specialist,"Network Security Specialists focus on network security. They implement security measures, monitor for threats, and respond to security incidents to protect network integrity.",Network security Cybersecurity Intrusion detection Security analysis Firewall management,"Focus on network security, implementing measures to protect against cyber threats. Monitor network traffic for anomalies and security breaches. Conduct security audits and recommend improvements."
2 to 12 Years,MBA,$59K-$109K,Part-Time,Interior Designer,Commercial Interior Designer,A Commercial Interior Designer focuses on designing interior spaces for businesses and commercial properties. They optimize layouts for productivity and aesthetics.,Commercial interior design Workplace ergonomics Building codes and regulations knowledge Sustainable design principles AutoCAD and Revit proficiency,"Design and optimize interior spaces for commercial and public use, such as offices, restaurants, and retail stores. Collaborate with architects and contractors. Ensure compliance with building codes and regulations."
2 to 10 Years,MCA,$59K-$120K,Intern,Software Architect,Cloud Architect,"A Cloud Architect designs and manages cloud-based solutions, optimizing scalability, security, and performance while aligning them with the companys technology strategy.","Cloud computing platforms (AWS, Azure, etc.) Cloud security Containerization (Docker, Kubernetes)","Design and implement cloud-based solutions, optimizing for performance and cost-efficiency. Develop cloud migration strategies. Architect and manage cloud infrastructure."
1 to 8 Years,B.Com,$60K-$125K,Contract,Nurse Manager,Nursing Director,"Nursing Directors oversee nursing departments in healthcare facilities. They manage nursing staff, develop policies and procedures, and ensure the delivery of high-quality patient care while adhering to regulatory standards.",Nursing management Patient care coordination Staff supervision Compliance with healthcare regulations Quality improvement Leadership skills,Oversee nursing staff and operations in healthcare settings. Develop nursing policies and procedures. Ensure compliance with healthcare regulations.
1 to 15 Years,BA,$65K-$107K,Full-Time,Veterinarian,Small Animal Veterinarian,"A Small Animal Veterinarian provides medical care to small pets, such as dogs and cats. They diagnose illnesses, perform surgeries, and advise pet owners on healthcare practices.",Veterinary medicine Small animal care and surgery Animal diagnostics Preventive medicine Client communication Surgical skills Radiology Anesthesia Laboratory diagnostics Compassion and empathy Problem-solving Attention to detail,"Diagnose and treat illnesses and injuries in domestic pets, such as dogs and cats. Perform surgeries, vaccinations, and routine check-ups. Provide pet owners with medical advice and care plans."
4 to 8 Years,B.Com,$62K-$126K,Contract,Process Engineer,Chemical Engineer,"Chemical Engineers design and oversee processes for the production of chemicals and related products. They conduct experiments, analyze data, and develop processes to optimize production, ensure safety, and minimize environmental impact.",Chemical engineering Process design Chemical reactions Safety protocols Laboratory techniques Problem-solving skills,"Specialize in chemical processes, including design and optimization. Monitor chemical reactions and processes. Ensure compliance with environmental regulations."
1 to 10 Years,MCA,$57K-$98K,Contract,IT Manager,Infrastructure Manager,"An Infrastructure Manager is responsible for the operation and maintenance of an organizations IT infrastructure, including servers, networks, and data centers.","Network administration System administration Virtualization technologies (e.g., VMware, Hyper-V) Storage management IT security Disaster recovery planning Capacity planning Monitoring and troubleshooting Cloud infrastructure (e.g., AWS, Azure) Vendor management","Manage IT infrastructure, including servers, networks, and data centers. Ensure high availability, security, and scalability of IT systems. Plan and implement technology upgrades."
3 to 12 Years,BA,$56K-$117K,Full-Time,Quality Assurance Analyst,QA Tester,"QA Testers assess software and applications for defects and quality issues. They conduct testing procedures, report bugs, and work with development teams to ensure the delivery of high-quality software products.","Test planning and strategy Test case design and execution Defect reporting and tracking Test automation tools (e.g., Selenium, Appium) Regression testing","Develop and execute test plans and test cases to identify software defects and issues. Document and report bugs, errors, and anomalies. Collaborate with development teams to resolve issues."
1 to 9 Years,MBA,$55K-$100K,Part-Time,Pharmaceutical Sales Representative,Medical Sales Specialist,"Medical Sales Specialists focus on selling medical devices, pharmaceuticals, or healthcare products to healthcare professionals and institutions.",Medical product knowledge Understanding of healthcare regulations Relationship building with healthcare professionals Sales forecasting and planning Medical sales techniques,Focus on medical equipment or devices sales to healthcare facilities and providers. Conduct product demonstrations and training. Understand and comply with industry regulations.
2 to 11 Years,M.Tech,$56K-$93K,Full-Time,Office Manager,Office Coordinator,"Office Coordinators provide administrative support within an office. They assist with tasks like scheduling, record-keeping, and communication to ensure efficient office operations.",Office administration Calendar management Reception duties Communication skills Record keeping Office supplies management,Coordinate office activities and workflow. Assist with document management and filing. Manage office supplies and vendor relationships.
1 to 10 Years,MBA,$61K-$109K,Temporary,Architect,Project Architect,"Project Architects lead architectural projects, from concept to completion, coordinating design teams, managing budgets, and ensuring compliance with regulations.",Architectural project management Construction documents Building systems Design coordination Client communication,"Lead architectural projects, from concept design to construction supervision. Collaborate with clients, engineers, and contractors. Develop project timelines and budgets."
2 to 11 Years,MCA,$57K-$93K,Part-Time,Physician Assistant,Surgical Physician Assistant,"Assist surgeons in the operating room, perform pre- and post-operative care, and collaborate on surgical procedures.",Surgical procedures and techniques Operating room protocols Anesthesia management,"Assist surgeons in the operating room, including pre-operative and post-operative care. Suture wounds and provide surgical support. Collaborate with surgical teams on patient care."
3 to 13 Years,BBA,$64K-$95K,Contract,Marketing Director,Brand Director,"Brand Directors oversee brand management and strategy. They ensure brand consistency, guide marketing initiatives, and work to enhance brand perception and recognition.",Brand strategy Brand development Creative direction Brand management Market research,"Manage and strengthen brand identity, ensuring consistent messaging and visual identity. Develop brand campaigns and positioning. Monitor brand performance and reputation."
4 to 13 Years,MBA,$59K-$115K,Temporary,Front-End Developer,Accessibility Developer,"An Accessibility Developer focuses on making digital products and websites accessible to individuals with disabilities, ensuring compliance with accessibility standards.","Web accessibility standards (e.g., WCAG) Assistive technologies Accessibility testing tools HTML and CSS for accessibility ARIA (Accessible Rich Internet Applications) User experience (UX) for accessibility Usability testing with individuals with disabilities Collaboration Attention to detail","Ensure web accessibility for all users, including those with disabilities. Implement WCAG guidelines and accessibility features. Conduct accessibility testing and remediation."
5 to 14 Years,BA,$59K-$87K,Full-Time,Research Scientist,Senior Researcher,"Senior Researchers lead research initiatives within organizations. They design research projects, collect and analyze data, and provide insights to inform strategic decision-making and innovation efforts.","Research methodologies and data analysis Literature review and synthesis Statistical analysis software (e.g., SPSS, R) Research proposal development Strong communication and reporting skills","Plan and conduct scientific research projects, including experimental design and data analysis. Collaborate with cross-functional teams and provide technical expertise. Publish research findings in peer-reviewed journals."
5 to 14 Years,M.Tech,$56K-$110K,Temporary,Executive Assistant,Office Manager,"Office Managers oversee daily office operations, including supervising staff, managing facilities, and ensuring efficient workflow. They may also handle budgeting, resource allocation, and office policies.",Office administration and management Budgeting and expense tracking Team coordination and supervision Facility management Vendor and supplier relations,"Oversee office operations, including facilities management and vendor relations. Manage office budgets and expenses. Coordinate office events and logistics."
1 to 11 Years,MBA,$59K-$125K,Intern,HR Manager,Human Resources Director,"A Human Resources Director leads HR functions, including talent acquisition, employee development, and HR strategy, to promote a positive work environment and support organizational goals.",Strategic HR planning Employee relations Talent management HR policy development Leadership skills,"Oversee all HR functions, including recruitment, benefits administration, employee relations, and policy development. Align HR strategies with business goals. Provide leadership to the HR team."
3 to 15 Years,M.Com,$56K-$127K,Temporary,Marketing Manager,Brand Manager,"Brand Managers are responsible for maintaining and enhancing a brands image and reputation. They develop brand strategies, oversee branding campaigns, and ensure brand consistency in all marketing and communication efforts.",Brand strategy development Brand identity and design Brand storytelling Marketing campaigns Brand performance measurement Creative thinking Strong communication skills,"Manage the overall brand identity, create marketing campaigns, and ensure brand consistency across all materials and touchpoints. Monitor brand performance and reputation. Collaborate with creative teams on branding materials."
3 to 14 Years,BCA,$55K-$119K,Temporary,Public Relations Specialist,Brand PR Specialist,"Brand PR Specialists focus on promoting and maintaining a positive brand image through media relations, events, and communication efforts.",Brand management Public relations Brand storytelling Influencer marketing Media monitoring,Promote and protect the brands image and reputation. Develop PR campaigns and brand messaging. Monitor and analyze PR campaign performance.
4 to 11 Years,BBA,$55K-$98K,Temporary,Financial Controller,Finance Manager,"Finance Managers oversee an organizations financial operations, including budgeting, financial reporting, and investment management. They analyze financial data, make strategic financial decisions, and ensure compliance with financial regulations.","Financial management Budgeting Financial analysis Financial reporting Risk management Financial software (e.g., Excel, QuickBooks) Strategic planning","Oversee financial operations, including budgeting, financial reporting, and cash flow management. Ensure compliance with accounting standards and regulations. Supervise finance staff."
0 to 11 Years,B.Tech,$63K-$111K,Full-Time,Investment Advisor,Wealth Advisor,"Wealth Advisors provide financial advice to clients. They assess financial goals, create investment strategies, and offer guidance on wealth management and financial planning.",Financial planning Investment knowledge Relationship management Communication skills Analytical skills,Provide financial advice and investment strategies to clients. Assess clients financial goals and risk tolerance. Create personalized investment portfolios.
2 to 14 Years,MBA,$61K-$94K,Intern,Aerospace Engineer,Systems Engineer,Systems Engineers design and manage complex systems and infrastructure. They integrate various components and technologies to ensure optimal system performance and reliability.,Systems engineering System architecture Integration testing Troubleshooting Technical documentation Configuration management,Work on aerospace systems integration and optimization. Address system safety and reliability. Collaborate with multidisciplinary teams.
5 to 13 Years,B.Com,$55K-$111K,Contract,Marketing Analyst,Data Analyst,"Analyze data sets, generate insights, and provide data-driven recommendations to inform business decisions.","Data analysis tools (e.g., SQL, Python) Data visualization tools (e.g., Tableau, Power BI) Statistical analysis Data cleansing and transformation Data modeling Communication of data insights Problem-solving Attention to detail Business acumen",Analyze marketing data to measure campaign performance and ROI. Provide insights for marketing strategy adjustments. Create data visualizations and dashboards.
5 to 8 Years,M.Tech,$55K-$115K,Part-Time,Paralegal,Real Estate Paralegal,"Assist in real estate transactions, including title searches, closings, and contract preparation.",Real estate transactions Title searches Closing processes Deed preparation Contract review Communication with real estate professionals Attention to detail Real estate terminology Technology proficiency Legal software proficiency Legal research skills,"Specialize in real estate transactions, including title searches, closings, and document preparation. Research property records and zoning regulations. Coordinate real estate transactions."
5 to 14 Years,M.Com,$55K-$121K,Intern,Landscape Designer,Commercial Landscape Architect,"Commercial Landscape Architects design outdoor spaces for commercial properties, such as office complexes and retail centers. They create functional and aesthetically pleasing landscapes that align with the clients goals and needs.",Landscape architecture Site planning Plant selection Environmental sustainability AutoCAD Project management,"Plan and design outdoor spaces for commercial and public projects, such as parks, resorts, and urban developments. Manage project budgets and timelines. Collaborate with architects and contractors."
2 to 9 Years,M.Tech,$59K-$89K,Part-Time,Web Designer,Frontend Web Designer,"Frontend Web Designers create the visual elements and user interfaces of websites. They use HTML, CSS, and JavaScript to design responsive, user-friendly web pages, ensuring a seamless and visually appealing online experience.",Frontend web development HTML/CSS Responsive design User interface (UI) design Adobe Creative Suite Collaboration skills,"Create visually appealing and responsive web designs using HTML, CSS, and JavaScript. Ensure cross-browser compatibility. Optimize web performance and page load times."
0 to 13 Years,M.Com,$64K-$120K,Temporary,Occupational Therapist,Pediatric Occupational Therapist,A Pediatric Occupational Therapist helps children with developmental or physical challenges improve their motor and life skills through therapy interventions.,Pediatric assessment and evaluation Occupational therapy techniques for children Developmental milestones Sensory integration therapy Pediatric psychology Family-centered care Individualized treatment plans Communication skills Pediatric healthcare knowledge,Provide occupational therapy services to children with developmental or sensory challenges. Develop individualized therapy plans. Collaborate with parents and caregivers.
2 to 15 Years,PhD,$55K-$107K,Temporary,Legal Advisor,In-House Counsel,"In the role of In-House Counsel, you will provide legal support to the organization across various areas, including contracts, employment law, and regulatory compliance. You will draft legal documents, handle litigation matters, and advise on legal risks affecting day-to-day operations. Your role is crucial in ensuring the company operates within the bounds of the law.",In-house counsel Legal advisory Employment law Intellectual property Regulatory compliance Dispute resolution Contract review Client counseling,"Serve as in-house legal counsel for organizations, managing legal issues and contracts internally. Provide legal training to staff and address legal questions and concerns."
5 to 14 Years,PhD,$55K-$98K,Contract,Marketing Coordinator,Marketing Specialist,"Marketing Specialists develop and implement marketing campaigns, analyze market trends, and promote products or services to target audiences.",Market research and analysis Content creation and copywriting Social media management SEO and digital marketing Marketing automation tools proficiency,Assist in the development and execution of marketing campaigns and strategies. Create marketing collateral and content. Monitor and report on marketing performance metrics.
5 to 8 Years,BA,$59K-$100K,Part-Time,Dental Hygienist,Dental Hygiene Educator,A Dental Hygiene Educator teaches dental hygiene practices and oral health to students or the community. They promote preventive care and raise awareness about dental health.,Dental hygiene knowledge Teaching and instructional skills Curriculum development Student assessment Clinical practice experience,Educate patients on oral hygiene practices and preventive care. Provide oral health instruction and advice. Develop and deliver educational programs.
2 to 8 Years,B.Com,$64K-$84K,Part-Time,SEM Specialist,SEM Analyst,"SEM Analysts analyze search engine marketing (SEM) campaigns. They monitor performance, optimize keyword strategies, and provide insights to improve the effectiveness of SEM efforts.",Search engine marketing (SEM) Google Ads Bing Ads Keyword analysis Ad performance analysis SEM strategy development Bid management,Analyze SEM data and trends to optimize campaigns and ad spend. Generate reports and insights to improve SEM strategies. Stay up-to-date with SEM industry changes and best practices.
4 to 15 Years,PhD,$57K-$126K,Full-Time,SEO Specialist,Technical SEO Specialist,"Technical SEO Specialists optimize website infrastructure, addressing issues like site speed, mobile-friendliness, and structured data to enhance search engine visibility.",Technical SEO audits Website crawl analysis Schema markup XML sitemaps Canonicalization,"Identify and resolve technical SEO issues, such as crawl errors, website speed, and mobile-friendliness. Implement schema markup and structured data. Ensure website indexing and sitemap accuracy."
4 to 9 Years,MBA,$57K-$102K,Temporary,Pediatrician,Pediatric Surgeon,"Pediatric Surgeons specialize in performing surgical procedures on children, including infants and adolescents. They diagnose surgical conditions, perform surgeries, and collaborate with other healthcare professionals to ensure the best outcomes.",Pediatric surgery Surgical procedures for children Operating room protocols Patient care Surgical techniques Pediatric anesthesia,"Perform surgical procedures on pediatric patients, including congenital abnormalities and injuries. Coordinate pre-operative and post-operative care. Ensure the well-being and recovery of young patients."
5 to 12 Years,M.Com,$61K-$90K,Temporary,QA Engineer,QA Manager,"A QA Manager is responsible for leading and managing the quality assurance team. They ensure product quality, develop and implement QA processes, and maintain quality standards.",Quality assurance Process improvement Team leadership Problem-solving Quality control,"Lead and manage the QA team, including test planning, resource allocation, and test strategy development. Define quality standards and metrics. Oversee QA processes and continuous improvement efforts."
4 to 9 Years,BA,$55K-$111K,Temporary,Data Scientist,Machine Learning Engineer,"Machine Learning Engineers develop machine learning models and algorithms, working on tasks like data preprocessing, model training, and deployment.",Machine learning algorithms Python programming Data preprocessing Deep learning Model evaluation,Develop machine learning models and algorithms for data analysis and prediction. Preprocess and clean data for model training. Evaluate model performance and fine-tune parameters.
4 to 11 Years,M.Com,$57K-$110K,Contract,Financial Advisor,Wealth Management Advisor,Wealth Management Advisors provide comprehensive financial planning and investment management services to high-net-worth individuals and families.,Wealth management strategies Asset allocation Estate planning Tax management Client relationship management,"Manage high-net-worth clients financial portfolios and assets. Offer comprehensive wealth management services, including estate planning and asset allocation. Provide personalized financial guidance."
4 to 10 Years,MBA,$63K-$109K,Full-Time,Personal Assistant,Personal Secretary,"Personal Secretaries provide administrative support to individuals or executives. They manage schedules, handle correspondence, and assist with various tasks to ensure efficiency.",Administrative support Calendar management Communication skills Time management Organizational skills Confidentiality,"Act as a personal secretary, managing personal appointments and tasks. Handle correspondence and communication on behalf of the employer. Organize personal schedules and commitments."
5 to 15 Years,MBA,$60K-$125K,Part-Time,SEO Analyst,Technical SEO Analyst,"As a Technical SEO Analyst, your role is to analyze website performance and identify opportunities for optimization. You will work on improving site speed, mobile-friendliness, and other technical aspects to enhance search engine rankings. You will also perform keyword research, conduct competitive analysis, and provide recommendations to improve website SEO.","Technical SEO Website audits SEO tools (e.g., Screaming Frog, Ahrefs) Schema markup Site speed optimization XML sitemaps Canonicalization","Focus on technical aspects of SEO, including website structure, page speed, and mobile optimization. Conduct technical SEO audits and provide recommendations for website improvements. Collaborate with web developers on technical SEO implementations."
1 to 12 Years,B.Tech,$56K-$118K,Contract,Network Analyst,Network Performance Analyst,"Network Performance Analysts monitor and optimize network performance. They collect and analyze network data, identify issues, and implement solutions to enhance network speed, reliability, and efficiency.","Network performance analysis Network monitoring tools (e.g., Wireshark) Troubleshooting Capacity planning Data analysis Network protocols","Analyze network performance data, identify bottlenecks and latency issues, and optimize network performance. Collaborate with network engineers to implement improvements."
2 to 15 Years,M.Tech,$56K-$118K,Contract,Mechanical Designer,CAD Technician,Create and modify technical drawings using computer-aided design (CAD) software for various engineering projects.,Computer-aided design (CAD) software Technical drawing Blueprint interpretation Drafting standards Engineering principles Collaboration with engineers Problem-solving Attention to detail Communication skills 3D modeling (if applicable),Use computer-aided design (CAD) software to create and revise technical drawings. Ensure drawings comply with industry standards. Support design projects with technical expertise.
5 to 9 Years,MCA,$64K-$114K,Part-Time,Marketing Specialist,Marketing Analytics Specialist,"Marketing Analytics Specialists analyze marketing data to derive insights and inform marketing strategies. They use tools like Google Analytics and data analysis software to track campaign performance, customer behavior, and market trends.",Marketing analytics Data analysis Data visualization Market research Google Analytics Marketing automation Reporting tools,Analyze marketing data and generate insights to drive decision-making. Use tools like Google Analytics and marketing automation platforms. Report on key performance metrics and ROI.
0 to 11 Years,BA,$61K-$117K,Intern,Graphic Designer,Print Graphic Designer,"Print Graphic Designers design graphics and layouts for printed materials such as brochures, posters, and packaging. They use their creativity and design skills to visually communicate messages and information effectively in printed form.","Print design software (e.g., Adobe InDesign, Illustrator) Layout and composition Print production processes Color theory and management Attention to detail Print industry knowledge","Design printed materials such as brochures, posters, and packaging. Choose appropriate printing methods and materials. Collaborate with print vendors and ensure quality output."
4 to 12 Years,BA,$55K-$105K,Part-Time,Finance Manager,Accounting Manager,"Accounting Managers supervise accounting teams. They ensure accurate financial reporting, manage budgets, and oversee financial transactions and compliance with accounting standards.",Accounting principles Financial reporting Team management Budgeting Financial analysis,"Manage accounting functions, including financial reporting and compliance. Ensure accurate and timely financial statements. Oversee audits and tax filings."
0 to 10 Years,M.Com,$63K-$99K,Intern,Physical Therapist,Pediatric Physical Therapist,"Specialize in providing physical therapy to children, addressing developmental and mobility issues.",Pediatric rehabilitation Developmental assessments Child psychology knowledge,Work with children with developmental or physical disabilities. Provide therapy to improve mobility and motor skills. Collaborate with parents and caregivers.
0 to 14 Years,BBA,$64K-$113K,Temporary,Product Designer,Industrial Designer,"An Industrial Designer creates and improves product designs, focusing on aesthetics, functionality, and user experience to produce innovative and marketable products.",Industrial design principles CAD and 3D modeling Prototyping and testing,"Focus on the physical design and aesthetics of products. Develop product concepts, sketches, and 3D models. Collaborate with engineers for product feasibility."
4 to 9 Years,M.Tech,$65K-$86K,Part-Time,Administrative Assistant,Executive Assistant,"Support high-level executives by managing schedules, coordinating meetings, and handling various administrative tasks.","Calendar management Travel coordination Meeting scheduling Correspondence and communication Office organization Confidentiality Time management Problem-solving Attention to detail Communication skills Technology proficiency (e.g., MS Office)","Provide high-level administrative support to executives, including managing schedules and communications. Coordinate meetings and travel arrangements. Handle confidential information with discretion."
4 to 10 Years,BA,$62K-$101K,Full-Time,Brand Ambassador,Social Media Influencer,Social Media Influencers use their online presence to promote brands or products. They create engaging content and collaborate with companies to reach a wider audience.,Social media management Content creation Audience engagement Marketing strategy Communication skills,Build and maintain a strong social media presence and following. Create and share content related to the brand. Collaborate with brands for sponsored posts and partnerships.
0 to 11 Years,B.Tech,$63K-$123K,Temporary,Project Coordinator,Construction Project Coordinator,"Construction Project Coordinators assist in managing construction projects, handling documentation, budget tracking, and coordinating subcontractors.",Construction project management Building codes and regulations knowledge Budgeting and cost control Construction scheduling Contractor and subcontractor coordination,"Coordinate construction projects, including permits, subcontractors, and materials. Monitor project progress and timelines. Assist in budgeting and cost control."
0 to 14 Years,MCA,$64K-$81K,Full-Time,Product Manager,Agile Product Owner,"Agile Product Owners work closely with development teams in Agile environments. They define and prioritize product backlog items, communicate the product vision, and ensure that the product increments delivered align with customer needs and project objectives.",Agile product development Scrum or Kanban frameworks Backlog management User story writing Prioritization techniques Collaboration with development teams Product vision and strategy,"Act as the product owner in agile development, making critical decisions and ensuring product goals are met. Maintain and prioritize the product backlog. Communicate with stakeholders and development teams."
5 to 8 Years,BA,$56K-$107K,Temporary,IT Administrator,System Administrator,"System Administrators manage and maintain computer systems and networks. They handle software installations, security measures, and troubleshooting to ensure system reliability.",System administration Network administration Troubleshooting Security management Server maintenance Backup and recovery,Manage and maintain computer systems and servers. Install and configure software and hardware. Monitor system performance and security.
1 to 13 Years,B.Tech,$60K-$93K,Intern,Sales Associate,Retail Sales Associate,"A Retail Sales Associate assists customers in retail environments, helping them find products, providing product information, and ensuring a positive shopping experience.",Customer service Sales techniques Product knowledge Cash handling Communication skills,"Assist customers in retail stores, answer questions, and provide product information. Process sales transactions and handle customer inquiries and returns. Maintain store displays and merchandising."
2 to 14 Years,MCA,$57K-$102K,Part-Time,Chemical Engineer,Quality Control Engineer,"Monitor and maintain product quality standards, perform inspections, and implement quality control procedures.","Quality control processes Quality assurance standards (e.g., ISO) Statistical analysis Inspection techniques Documenting quality issues Root cause analysis Communication with production teams Problem-solving Attention to detail Technical knowledge",Focus on product quality assurance and testing. Develop quality control procedures and standards. Investigate and resolve quality issues.
1 to 8 Years,BBA,$63K-$95K,Intern,Legal Secretary,Legal Assistant,"A Legal Assistant supports legal professionals by performing administrative and research tasks, organizing legal documents, and assisting with legal proceedings and documentation.",Legal research Document drafting Communication skills Legal software proficiency Attention to detail,"Provide administrative support to legal professionals, including document preparation and filing. Maintain legal files and records. Schedule appointments and manage calendars."
0 to 15 Years,B.Com,$62K-$113K,Contract,Market Analyst,Competitive Intelligence Analyst,Competitive Intelligence Analysts gather data on competitors and industry trends. They analyze information to help businesses make informed decisions and gain a competitive edge.,Competitive analysis Market research Data analysis Business strategy Industry knowledge,Research competitors and industry trends to assess market positioning. Analyze competitors strategies and product offerings. Provide recommendations for competitive advantage.
